timestamp,buy,sell
00:00:00,0.08,0.03
00:15:00,0.08,0.03
00:30:00,0.08,0.03
00:45:00,0.08,0.03
01:00:00,0.08,0.03
01:15:00,0.08,0.03
01:30:00,0.08,0.03
01:45:00,0.08,0.03
02:00:00,0.08,0.03
02:15:00,0.08,0.03
02:30:00,0.08,0.03
02:45:00,0.08,0.03
03:00:00,0.08,0.03
03:15:00,0.08,0.03
03:30:00,0.08,0.03
03:45:00,0.08,0.03
04:00:00,0.08,0.03
04:15:00,0.08,0.03
04:30:00,0.5,0.2
04:45:00,0.5,0.2
05:00:00,0.08,0.03
05:15:00,0.08,0.03
05:30:00,0.08,0.03
05:45:00,0.08,0.03
06:00:00,0.3,0.12
06:15:00,0.3,0.12
06:30:00,0.3,0.12
06:45:00,0.3,0.12
07:00:00,0.3,0.12
07:15:00,0.3,0.12
07:30:00,0.3,0.12
07:45:00,0.3,0.12
08:00:00,0.3,0.12
08:15:00,0.3,0.12
08:30:00,0.3,0.12
08:45:00,0.3,0.12
09:00:00,0.15,0.06
09:15:00,0.15,0.06
09:30:00,0.15,0.06
09:45:00,0.15,0.06
10:00:00,0.15,0.06
10:15:00,0.15,0.06
10:30:00,0.15,0.06
10:45:00,0.15,0.06
11:00:00,0.15,0.06
11:15:00,0.15,0.06
11:30:00,0.15,0.06
11:45:00,0.15,0.06
12:00:00,0.15,0.06
12:15:00,0.15,0.06
12:30:00,0.15,0.06
12:45:00,0.15,0.06
13:00:00,0.15,0.06
13:15:00,0.15,0.06
13:30:00,0.15,0.06
13:45:00,0.15,0.06
14:00:00,0.15,0.06
14:15:00,0.15,0.06
14:30:00,0.15,0.06
14:45:00,0.15,0.06
15:00:00,0.5,0.2
15:15:00,0.15,0.06
15:30:00,0.5,0.2
15:45:00,0.15,0.06
16:00:00,0.3,0.12
16:15:00,0.5,0.2
16:30:00,0.3,0.12
16:45:00,0.3,0.12
17:00:00,0.3,0.12
17:15:00,0.3,0.12
17:30:00,0.3,0.12
17:45:00,0.3,0.12
18:00:00,0.5,0.2
18:15:00,0.3,0.12
18:30:00,0.3,0.12
18:45:00,0.3,0.12
19:00:00,0.3,0.12
19:15:00,0.3,0.12
19:30:00,0.3,0.12
19:45:00,0.3,0.12
20:00:00,0.15,0.06
20:15:00,0.15,0.06
20:30:00,0.15,0.06
20:45:00,0.15,0.06
21:00:00,0.15,0.06
21:15:00,0.5,0.2
21:30:00,0.5,0.2
21:45:00,0.5,0.2
22:00:00,0.15,0.06
22:15:00,0.15,0.06
22:30:00,0.15,0.06
22:45:00,0.15,0.06
23:00:00,0.15,0.06
23:15:00,0.15,0.06
23:30:00,0.5,0.2
23:45:00,0.15,0.06
