site_id,max_load,capacity,power,charge_efficiency,discharge_efficiency
1,5.249996333778765,475.0,118.75,0.99,0.9476795498235454
2,5.814101407728156,500.0,125.0,0.9753736191273451,0.9795695716153501
3,6.2173769832038435,525.0,131.25,0.9809867124801497,0.9781236876751521
4,77.13492382931405,95.0,23.75,0.9091973533284233,0.9348576312456383
5,85.58906048305909,100.0,25.0,0.9583626770944654,0.9065544851636581
6,94.93059169191218,105.0,26.25,0.9307199419721118,0.9412717469958675
7,14.460628147795164,19.0,4.75,0.9097336944879404,0.892423794741873
8,15.708748153820315,20.0,5.0,0.9148763634380148,0.9008431678742045
9,17.84957174111028,21.0,5.25,0.9262774256108945,0.9089431651389266
10,151.82596783628907,285.0,71.25,0.979452087106282,0.9533545999551903
11,166.9053611742781,300.0,75.0,0.963115802626188,0.956362622018494
12,189.8930311483327,315.0,78.75,0.9517851051404357,0.9264782399376325
13,50.53753773784626,142.5,35.625,0.9444724663786849,0.9172620732722294
14,58.266071082378765,150.0,37.5,0.9244609855715092,0.9308343859532269
15,61.7865152533112,157.5,39.375,0.9740304940941167,0.9326638228155945
16,204.6949176347789,190.0,47.5,0.99,0.92032120326164
17,225.53764568894317,200.0,50.0,0.9245622865541632,0.9425036130714575
18,246.89602311743013,210.0,52.5,0.93242767814088,0.9589685146636373
19,34.945640437931104,47.5,11.875,0.9216662303869515,0.8783725441127812
20,38.65503078934626,50.0,12.5,0.910876301827596,0.8988570110792303
21,40.67626925820358,52.5,13.125,0.9181586638685078,0.9078585586720728
22,22.716602012823547,14.25,3.5625,0.8803324251895258,0.8743783902033238
23,24.791762029345694,15.0,3.75,0.8748371134138935,0.8395575206598649
24,27.229350852083993,15.75,3.9375,0.9224393287329912,0.888016976804171
25,3.0749858611145986,380.0,95.0,0.9210569577994807,0.9802564268922692
26,3.371370001834425,400.0,100.0,0.9718287096669302,0.9701890809262412
27,3.9784317689753705,420.0,105.0,0.99,0.9222574358031124
28,3.1915263929171767,332.5,83.125,0.9442381247318002,0.9160813416983645
29,3.4364941088454053,350.0,87.5,0.9819947725689827,0.951794133266319
30,3.7515780167897748,367.5,91.875,0.9450190062077926,0.9536077703915398
